{"valueType":"nodes","values":[{"_typeName":"Collection","id":"cjolgbg4b00500a423xv3rvun","name":"WINTER","createdAt":"2018-11-17T12:51:31.546Z","updatedAt":"2018-11-17T12:51:31.546Z"},{"_typeName":"Product","id":"cjolrbh1900080842qtzcvy8a","updatedAt":"2018-11-17T17:59:28.424Z","name":"PRODUCT_1","createdAt":"2018-11-17T17:59:28.424Z"},{"_typeName":"Brand","id":"cjolgbvia005l0a428lbsgdh0","name":"ADIDAS","createdAt":"2018-11-17T12:51:51.490Z","updatedAt":"2018-11-17T12:51:51.490Z"},{"_typeName":"Option","id":"cjolgbnqd00530a42l2gknpn6","updatedAt":"2018-11-17T12:51:41.411Z","name":"Color","createdAt":"2018-11-17T12:51:41.411Z"},{"_typeName":"Option","id":"cjolgbszq005c0a423re93ans","updatedAt":"2018-11-17T12:51:48.230Z","name":"Size","createdAt":"2018-11-17T12:51:48.230Z"},{"_typeName":"OptionValue","id":"cjolgbnr200540a42itsimacu","updatedAt":"2018-11-17T12:51:41.412Z","createdAt":"2018-11-17T12:51:41.412Z","name":"Red"},{"_typeName":"OptionValue","id":"cjolgbnri00560a42gehzrfzm","updatedAt":"2018-11-17T12:51:41.413Z","createdAt":"2018-11-17T12:51:41.413Z","name":"Green"},{"_typeName":"OptionValue","id":"cjolgbnrq00580a423i3l5fii","updatedAt":"2018-11-17T12:51:41.413Z","createdAt":"2018-11-17T12:51:41.413Z","name":"Blue"},{"_typeName":"OptionValue","id":"cjolgbszx005d0a42avatpvhx","updatedAt":"2018-11-17T12:51:48.230Z","createdAt":"2018-11-17T12:51:48.230Z","name":"S"},{"_typeName":"OptionValue","id":"cjolgbt0b005f0a42nt5apm98","updatedAt":"2018-11-17T12:51:48.230Z","createdAt":"2018-11-17T12:51:48.230Z","name":"M"},{"_typeName":"OptionValue","id":"cjolgbt0f005h0a42oozdq2i8","updatedAt":"2018-11-17T12:51:48.230Z","createdAt":"2018-11-17T12:51:48.230Z","name":"L"}]}