{"valueType":"relations","values":[[{"_typeName":"OptionValue","id":"cjolgbnr200540a42itsimacu","fieldName":"option"},{"_typeName":"Option","id":"cjolgbnqd00530a42l2gknpn6","fieldName":"values"}],[{"_typeName":"OptionValue","id":"cjolgbnri00560a42gehzrfzm","fieldName":"option"},{"_typeName":"Option","id":"cjolgbnqd00530a42l2gknpn6","fieldName":"values"}],[{"_typeName":"OptionValue","id":"cjolgbnrq00580a423i3l5fii","fieldName":"option"},{"_typeName":"Option","id":"cjolgbnqd00530a42l2gknpn6","fieldName":"values"}],[{"_typeName":"OptionValue","id":"cjolgbszx005d0a42avatpvhx","fieldName":"option"},{"_typeName":"Option","id":"cjolgbszq005c0a423re93ans","fieldName":"values"}],[{"_typeName":"OptionValue","id":"cjolgbt0b005f0a42nt5apm98","fieldName":"option"},{"_typeName":"Option","id":"cjolgbszq005c0a423re93ans","fieldName":"values"}],[{"_typeName":"OptionValue","id":"cjolgbt0f005h0a42oozdq2i8","fieldName":"option"},{"_typeName":"Option","id":"cjolgbszq005c0a423re93ans","fieldName":"values"}],[{"_typeName":"Product","id":"cjolrbh1900080842qtzcvy8a","fieldName":"collections"},{"_typeName":"Collection","id":"cjolgbg4b00500a423xv3rvun","fieldName":"products"}],[{"_typeName":"Product","id":"cjolrbh1900080842qtzcvy8a","fieldName":"brand"},{"_typeName":"Brand","id":"cjolgbvia005l0a428lbsgdh0","fieldName":"products"}]]}